{"cameraMode":{"drawMode":0,"name":"Shaded","section":"Shading Mode"},"sceneLighting":true,"audioPlay":false,"sceneViewState":{"showFog":true,"showMaterialUpdate":false,"showSkybox":true,"showFlares":true,"showImageEffects":true,"showParticleSystems":true},"in2DMode":false,"pivot":{"x":1306.625244140625,"y":5.875560283660889,"z":1194.7333984375},"rotation":{"x":-0.19869695603847505,"y":-0.5752396583557129,"z":0.1463056057691574,"w":-0.7799567580223084},"size":118.60491943359375,"orthographic":false}