{"cameraMode":{"drawMode":0,"name":"Shaded","section":"Shading Mode"},"sceneLighting":true,"audioPlay":false,"sceneViewState":{"showFog":true,"showMaterialUpdate":false,"showSkybox":true,"showFlares":true,"showImageEffects":true,"showParticleSystems":true},"in2DMode":false,"pivot":{"x":152.96009826660157,"y":555.2652587890625,"z":145.45303344726563},"rotation":{"x":-0.37863078713417055,"y":-0.3027969300746918,"z":0.1326177418231964,"w":-0.8645014762878418},"size":10.0,"orthographic":false}