{"cameraMode":{"drawMode":0,"name":"Shaded","section":"Shading Mode"},"sceneLighting":true,"audioPlay":false,"sceneViewState":{"showFog":true,"showMaterialUpdate":false,"showSkybox":true,"showFlares":true,"showImageEffects":true,"showParticleSystems":true},"in2DMode":false,"pivot":{"x":1205.4595947265625,"y":11.122001647949219,"z":1376.32861328125},"rotation":{"x":0.12548421323299409,"y":0.432419091463089,"z":-0.060632504522800449,"w":0.8909086585044861},"size":123.95545196533203,"orthographic":false}