{"cameraMode":{"drawMode":0,"name":"Shaded","section":"Shading Mode"},"sceneLighting":true,"audioPlay":false,"sceneViewState":{"showFog":true,"showMaterialUpdate":false,"showSkybox":true,"showFlares":true,"showImageEffects":true,"showParticleSystems":true},"in2DMode":false,"pivot":{"x":1258.572509765625,"y":54.12904357910156,"z":1262.970947265625},"rotation":{"x":0.08189347386360169,"y":0.8513549566268921,"z":-0.13932129740715028,"w":0.499182790517807},"size":7.530548095703125,"orthographic":false}