{"cameraMode":{"drawMode":0,"name":"Shaded","section":"Shading Mode"},"sceneLighting":true,"audioPlay":false,"sceneViewState":{"showFog":true,"showMaterialUpdate":false,"showSkybox":true,"showFlares":true,"showImageEffects":true,"showParticleSystems":true},"in2DMode":false,"pivot":{"x":1372.616455078125,"y":-24.811771392822267,"z":1096.09619140625},"rotation":{"x":0.10451912134885788,"y":-0.8779836893081665,"z":0.4099610149860382,"w":0.22419215738773347},"size":66.89938354492188,"orthographic":false}