{"cameraMode":{"drawMode":0,"name":"Shaded","section":"Shading Mode"},"sceneLighting":true,"audioPlay":false,"sceneViewState":{"showFog":true,"showMaterialUpdate":false,"showSkybox":true,"showFlares":true,"showImageEffects":true,"showParticleSystems":true},"in2DMode":false,"pivot":{"x":903.204345703125,"y":-445.8952331542969,"z":233.97216796875},"rotation":{"x":0.012576344422996045,"y":-0.9757320880889893,"z":0.2107677310705185,"w":0.06060068681836128},"size":711.635498046875,"orthographic":false}